centrality,silhouette_widths
closeness,0.6125528604132381
harmonic,0.644153396908282
degree,0.9949458154839437
decay,0.647295345553895
eccentricity,0.9867000617486255
radiality,0.64692826826679
load,0.9939573307896669
approx_current_flow_betweenness,0.9917285947053044
betweenness,0.9940380921609907
current_flow_closeness,0.9029214254165764
information,0.9029214254165764
current_flow_betweenness,0.9924239171844919
reach,0.6441533969083093
deep_reach,0.6568435118420399
